label,path
1,/home/jonathan/Desktop/real-vs-fake/test/real/18233.jpg
1,/home/jonathan/Desktop/real-vs-fake/test/real/50124.jpg
1,/home/jonathan/Desktop/real-vs-fake/test/real/19150.jpg
1,/home/jonathan/Desktop/real-vs-fake/test/real/57970.jpg
1,/home/jonathan/Desktop/real-vs-fake/test/real/03291.jpg
1,/home/jonathan/Desktop/real-vs-fake/test/real/61539.jpg
1,/home/jonathan/Desktop/real-vs-fake/test/real/51249.jpg
1,/home/jonathan/Desktop/real-vs-fake/test/real/58162.jpg
1,/home/jonathan/Desktop/real-vs-fake/test/real/66456.jpg
1,/home/jonathan/Desktop/real-vs-fake/test/real/49589.jpg
1,/home/jonathan/Desktop/real-vs-fake/test/real/62843.jpg
1,/home/jonathan/Desktop/real-vs-fake/test/real/53150.jpg
1,/home/jonathan/Desktop/real-vs-fake/test/real/63716.jpg
1,/home/jonathan/Desktop/real-vs-fake/test/real/02959.jpg
1,/home/jonathan/Desktop/real-vs-fake/test/real/48193.jpg
1,/home/jonathan/Desktop/real-vs-fake/test/real/53439.jpg
1,/home/jonathan/Desktop/real-vs-fake/test/real/13463.jpg
1,/home/jonathan/Desktop/real-vs-fake/test/real/34202.jpg
1,/home/jonathan/Desktop/real-vs-fake/test/real/57971.jpg
1,/home/jonathan/Desktop/real-vs-fake/test/real/05282.jpg
1,/home/jonathan/Desktop/real-vs-fake/test/real/44375.jpg
1,/home/jonathan/Desktop/real-vs-fake/test/real/36789.jpg
1,/home/jonathan/Desktop/real-vs-fake/test/real/31758.jpg
1,/home/jonathan/Desktop/real-vs-fake/test/real/10742.jpg
1,/home/jonathan/Desktop/real-vs-fake/test/real/49725.jpg
1,/home/jonathan/Desktop/real-vs-fake/test/real/66847.jpg
1,/home/jonathan/Desktop/real-vs-fake/test/real/59989.jpg
1,/home/jonathan/Desktop/real-vs-fake/test/real/47020.jpg
1,/home/jonathan/Desktop/real-vs-fake/test/real/28228.jpg
1,/home/jonathan/Desktop/real-vs-fake/test/real/06267.jpg
1,/home/jonathan/Desktop/real-vs-fake/test/real/14982.jpg
1,/home/jonathan/Desktop/real-vs-fake/test/real/35104.jpg
1,/home/jonathan/Desktop/real-vs-fake/test/real/66545.jpg
1,/home/jonathan/Desktop/real-vs-fake/test/real/52340.jpg
1,/home/jonathan/Desktop/real-vs-fake/test/real/43552.jpg
1,/home/jonathan/Desktop/real-vs-fake/test/real/60068.jpg
1,/home/jonathan/Desktop/real-vs-fake/test/real/03508.jpg
1,/home/jonathan/Desktop/real-vs-fake/test/real/37983.jpg
1,/home/jonathan/Desktop/real-vs-fake/test/real/60363.jpg
1,/home/jonathan/Desktop/real-vs-fake/test/real/57678.jpg
1,/home/jonathan/Desktop/real-vs-fake/test/real/16442.jpg
1,/home/jonathan/Desktop/real-vs-fake/test/real/23306.jpg
1,/home/jonathan/Desktop/real-vs-fake/test/real/30132.jpg
1,/home/jonathan/Desktop/real-vs-fake/test/real/33819.jpg
1,/home/jonathan/Desktop/real-vs-fake/test/real/29394.jpg
1,/home/jonathan/Desktop/real-vs-fake/test/real/27334.jpg
1,/home/jonathan/Desktop/real-vs-fake/test/real/24715.jpg
1,/home/jonathan/Desktop/real-vs-fake/test/real/53932.jpg
1,/home/jonathan/Desktop/real-vs-fake/test/real/40865.jpg
1,/home/jonathan/Desktop/real-vs-fake/test/real/34083.jpg
1,/home/jonathan/Desktop/real-vs-fake/test/real/61136.jpg
1,/home/jonathan/Desktop/real-vs-fake/test/real/27407.jpg
1,/home/jonathan/Desktop/real-vs-fake/test/real/22605.jpg
1,/home/jonathan/Desktop/real-vs-fake/test/real/60160.jpg
1,/home/jonathan/Desktop/real-vs-fake/test/real/50495.jpg
1,/home/jonathan/Desktop/real-vs-fake/test/real/41380.jpg
1,/home/jonathan/Desktop/real-vs-fake/test/real/02568.jpg
1,/home/jonathan/Desktop/real-vs-fake/test/real/68346.jpg
1,/home/jonathan/Desktop/real-vs-fake/test/real/30985.jpg
1,/home/jonathan/Desktop/real-vs-fake/test/real/45262.jpg
1,/home/jonathan/Desktop/real-vs-fake/test/real/57359.jpg
1,/home/jonathan/Desktop/real-vs-fake/test/real/43410.jpg
1,/home/jonathan/Desktop/real-vs-fake/test/real/60773.jpg
1,/home/jonathan/Desktop/real-vs-fake/test/real/65647.jpg
1,/home/jonathan/Desktop/real-vs-fake/test/real/04101.jpg
1,/home/jonathan/Desktop/real-vs-fake/test/real/07984.jpg
1,/home/jonathan/Desktop/real-vs-fake/test/real/64172.jpg
1,/home/jonathan/Desktop/real-vs-fake/test/real/11131.jpg
1,/home/jonathan/Desktop/real-vs-fake/test/real/55976.jpg
1,/home/jonathan/Desktop/real-vs-fake/test/real/22280.jpg
1,/home/jonathan/Desktop/real-vs-fake/test/real/46606.jpg
1,/home/jonathan/Desktop/real-vs-fake/test/real/58269.jpg
1,/home/jonathan/Desktop/real-vs-fake/test/real/35043.jpg
1,/home/jonathan/Desktop/real-vs-fake/test/real/55188.jpg
1,/home/jonathan/Desktop/real-vs-fake/test/real/41813.jpg
1,/home/jonathan/Desktop/real-vs-fake/test/real/52890.jpg
1,/home/jonathan/Desktop/real-vs-fake/test/real/02039.jpg
1,/home/jonathan/Desktop/real-vs-fake/test/real/09871.jpg
1,/home/jonathan/Desktop/real-vs-fake/test/real/35823.jpg
1,/home/jonathan/Desktop/real-vs-fake/test/real/40521.jpg
1,/home/jonathan/Desktop/real-vs-fake/test/real/35284.jpg
1,/home/jonathan/Desktop/real-vs-fake/test/real/64462.jpg
1,/home/jonathan/Desktop/real-vs-fake/test/real/18746.jpg
1,/home/jonathan/Desktop/real-vs-fake/test/real/03891.jpg
1,/home/jonathan/Desktop/real-vs-fake/test/real/22017.jpg
1,/home/jonathan/Desktop/real-vs-fake/test/real/19813.jpg
1,/home/jonathan/Desktop/real-vs-fake/test/real/35749.jpg
1,/home/jonathan/Desktop/real-vs-fake/test/real/46830.jpg
1,/home/jonathan/Desktop/real-vs-fake/test/real/34247.jpg
1,/home/jonathan/Desktop/real-vs-fake/test/real/35853.jpg
1,/home/jonathan/Desktop/real-vs-fake/test/real/34685.jpg
1,/home/jonathan/Desktop/real-vs-fake/test/real/32841.jpg
1,/home/jonathan/Desktop/real-vs-fake/test/real/56584.jpg
1,/home/jonathan/Desktop/real-vs-fake/test/real/19197.jpg
1,/home/jonathan/Desktop/real-vs-fake/test/real/21275.jpg
1,/home/jonathan/Desktop/real-vs-fake/test/real/31579.jpg
1,/home/jonathan/Desktop/real-vs-fake/test/real/41847.jpg
1,/home/jonathan/Desktop/real-vs-fake/test/real/06251.jpg
1,/home/jonathan/Desktop/real-vs-fake/test/real/17375.jpg
1,/home/jonathan/Desktop/real-vs-fake/test/real/34761.jpg
1,/home/jonathan/Desktop/real-vs-fake/test/real/09039.jpg
1,/home/jonathan/Desktop/real-vs-fake/test/real/64087.jpg
1,/home/jonathan/Desktop/real-vs-fake/test/real/51737.jpg
1,/home/jonathan/Desktop/real-vs-fake/test/real/45090.jpg
1,/home/jonathan/Desktop/real-vs-fake/test/real/58409.jpg
1,/home/jonathan/Desktop/real-vs-fake/test/real/28736.jpg
1,/home/jonathan/Desktop/real-vs-fake/test/real/44961.jpg
1,/home/jonathan/Desktop/real-vs-fake/test/real/32266.jpg
1,/home/jonathan/Desktop/real-vs-fake/test/real/21225.jpg
1,/home/jonathan/Desktop/real-vs-fake/test/real/27367.jpg
1,/home/jonathan/Desktop/real-vs-fake/test/real/11821.jpg
1,/home/jonathan/Desktop/real-vs-fake/test/real/32620.jpg
1,/home/jonathan/Desktop/real-vs-fake/test/real/24499.jpg
1,/home/jonathan/Desktop/real-vs-fake/test/real/11229.jpg
1,/home/jonathan/Desktop/real-vs-fake/test/real/41307.jpg
1,/home/jonathan/Desktop/real-vs-fake/test/real/45602.jpg
1,/home/jonathan/Desktop/real-vs-fake/test/real/65712.jpg
1,/home/jonathan/Desktop/real-vs-fake/test/real/33143.jpg
1,/home/jonathan/Desktop/real-vs-fake/test/real/14505.jpg
1,/home/jonathan/Desktop/real-vs-fake/test/real/22997.jpg
1,/home/jonathan/Desktop/real-vs-fake/test/real/62679.jpg
1,/home/jonathan/Desktop/real-vs-fake/test/real/60669.jpg
1,/home/jonathan/Desktop/real-vs-fake/test/real/58192.jpg
1,/home/jonathan/Desktop/real-vs-fake/test/real/47632.jpg
1,/home/jonathan/Desktop/real-vs-fake/test/real/63488.jpg
1,/home/jonathan/Desktop/real-vs-fake/test/real/17799.jpg
1,/home/jonathan/Desktop/real-vs-fake/test/real/14301.jpg
1,/home/jonathan/Desktop/real-vs-fake/test/real/28167.jpg
1,/home/jonathan/Desktop/real-vs-fake/test/real/44350.jpg
1,/home/jonathan/Desktop/real-vs-fake/test/real/20061.jpg
1,/home/jonathan/Desktop/real-vs-fake/test/real/21110.jpg
1,/home/jonathan/Desktop/real-vs-fake/test/real/02491.jpg
1,/home/jonathan/Desktop/real-vs-fake/test/real/13505.jpg
1,/home/jonathan/Desktop/real-vs-fake/test/real/26700.jpg
1,/home/jonathan/Desktop/real-vs-fake/test/real/11942.jpg
1,/home/jonathan/Desktop/real-vs-fake/test/real/27787.jpg
1,/home/jonathan/Desktop/real-vs-fake/test/real/69431.jpg
1,/home/jonathan/Desktop/real-vs-fake/test/real/15090.jpg
1,/home/jonathan/Desktop/real-vs-fake/test/real/06207.jpg
1,/home/jonathan/Desktop/real-vs-fake/test/real/44872.jpg
1,/home/jonathan/Desktop/real-vs-fake/test/real/41208.jpg
1,/home/jonathan/Desktop/real-vs-fake/test/real/05347.jpg
1,/home/jonathan/Desktop/real-vs-fake/test/real/21292.jpg
1,/home/jonathan/Desktop/real-vs-fake/test/real/42513.jpg
1,/home/jonathan/Desktop/real-vs-fake/test/real/39680.jpg
1,/home/jonathan/Desktop/real-vs-fake/test/real/32763.jpg
1,/home/jonathan/Desktop/real-vs-fake/test/real/65466.jpg
1,/home/jonathan/Desktop/real-vs-fake/test/real/12025.jpg
1,/home/jonathan/Desktop/real-vs-fake/test/real/40176.jpg
1,/home/jonathan/Desktop/real-vs-fake/test/real/28571.jpg
1,/home/jonathan/Desktop/real-vs-fake/test/real/26949.jpg
1,/home/jonathan/Desktop/real-vs-fake/test/real/61045.jpg
1,/home/jonathan/Desktop/real-vs-fake/test/real/20976.jpg
1,/home/jonathan/Desktop/real-vs-fake/test/real/65187.jpg
1,/home/jonathan/Desktop/real-vs-fake/test/real/60245.jpg
1,/home/jonathan/Desktop/real-vs-fake/test/real/56680.jpg
1,/home/jonathan/Desktop/real-vs-fake/test/real/13112.jpg
1,/home/jonathan/Desktop/real-vs-fake/test/real/03712.jpg
1,/home/jonathan/Desktop/real-vs-fake/test/real/32365.jpg
1,/home/jonathan/Desktop/real-vs-fake/test/real/06801.jpg
1,/home/jonathan/Desktop/real-vs-fake/test/real/05424.jpg
1,/home/jonathan/Desktop/real-vs-fake/test/real/17901.jpg
1,/home/jonathan/Desktop/real-vs-fake/test/real/47284.jpg
1,/home/jonathan/Desktop/real-vs-fake/test/real/12147.jpg
1,/home/jonathan/Desktop/real-vs-fake/test/real/60358.jpg
1,/home/jonathan/Desktop/real-vs-fake/test/real/36982.jpg
1,/home/jonathan/Desktop/real-vs-fake/test/real/02261.jpg
1,/home/jonathan/Desktop/real-vs-fake/test/real/00587.jpg
1,/home/jonathan/Desktop/real-vs-fake/test/real/32125.jpg
1,/home/jonathan/Desktop/real-vs-fake/test/real/43596.jpg
1,/home/jonathan/Desktop/real-vs-fake/test/real/54846.jpg
1,/home/jonathan/Desktop/real-vs-fake/test/real/65295.jpg
1,/home/jonathan/Desktop/real-vs-fake/test/real/65585.jpg
1,/home/jonathan/Desktop/real-vs-fake/test/real/57018.jpg
1,/home/jonathan/Desktop/real-vs-fake/test/real/54180.jpg
1,/home/jonathan/Desktop/real-vs-fake/test/real/63538.jpg
1,/home/jonathan/Desktop/real-vs-fake/test/real/43689.jpg
1,/home/jonathan/Desktop/real-vs-fake/test/real/10593.jpg
1,/home/jonathan/Desktop/real-vs-fake/test/real/60853.jpg
1,/home/jonathan/Desktop/real-vs-fake/test/real/07184.jpg
1,/home/jonathan/Desktop/real-vs-fake/test/real/43683.jpg
1,/home/jonathan/Desktop/real-vs-fake/test/real/03084.jpg
1,/home/jonathan/Desktop/real-vs-fake/test/real/47846.jpg
1,/home/jonathan/Desktop/real-vs-fake/test/real/44907.jpg
1,/home/jonathan/Desktop/real-vs-fake/test/real/32639.jpg
1,/home/jonathan/Desktop/real-vs-fake/test/real/23028.jpg
1,/home/jonathan/Desktop/real-vs-fake/test/real/38795.jpg
1,/home/jonathan/Desktop/real-vs-fake/test/real/27411.jpg
1,/home/jonathan/Desktop/real-vs-fake/test/real/39700.jpg
1,/home/jonathan/Desktop/real-vs-fake/test/real/41987.jpg
1,/home/jonathan/Desktop/real-vs-fake/test/real/51223.jpg
1,/home/jonathan/Desktop/real-vs-fake/test/real/59364.jpg
1,/home/jonathan/Desktop/real-vs-fake/test/real/14075.jpg
1,/home/jonathan/Desktop/real-vs-fake/test/real/08297.jpg
1,/home/jonathan/Desktop/real-vs-fake/test/real/65594.jpg
1,/home/jonathan/Desktop/real-vs-fake/test/real/60142.jpg
1,/home/jonathan/Desktop/real-vs-fake/test/real/49671.jpg
1,/home/jonathan/Desktop/real-vs-fake/test/real/43645.jpg
1,/home/jonathan/Desktop/real-vs-fake/test/real/13458.jpg
1,/home/jonathan/Desktop/real-vs-fake/test/real/36999.jpg
1,/home/jonathan/Desktop/real-vs-fake/test/real/65176.jpg
1,/home/jonathan/Desktop/real-vs-fake/test/real/17018.jpg
1,/home/jonathan/Desktop/real-vs-fake/test/real/50202.jpg
1,/home/jonathan/Desktop/real-vs-fake/test/real/43828.jpg
1,/home/jonathan/Desktop/real-vs-fake/test/real/40714.jpg
1,/home/jonathan/Desktop/real-vs-fake/test/real/13810.jpg
1,/home/jonathan/Desktop/real-vs-fake/test/real/36987.jpg
1,/home/jonathan/Desktop/real-vs-fake/test/real/62693.jpg
1,/home/jonathan/Desktop/real-vs-fake/test/real/15650.jpg
1,/home/jonathan/Desktop/real-vs-fake/test/real/03693.jpg
1,/home/jonathan/Desktop/real-vs-fake/test/real/58143.jpg
1,/home/jonathan/Desktop/real-vs-fake/test/real/36461.jpg
1,/home/jonathan/Desktop/real-vs-fake/test/real/61554.jpg
1,/home/jonathan/Desktop/real-vs-fake/test/real/56518.jpg
1,/home/jonathan/Desktop/real-vs-fake/test/real/41785.jpg
1,/home/jonathan/Desktop/real-vs-fake/test/real/37398.jpg
1,/home/jonathan/Desktop/real-vs-fake/test/real/04548.jpg
1,/home/jonathan/Desktop/real-vs-fake/test/real/41235.jpg
1,/home/jonathan/Desktop/real-vs-fake/test/real/54641.jpg
1,/home/jonathan/Desktop/real-vs-fake/test/real/68069.jpg
1,/home/jonathan/Desktop/real-vs-fake/test/real/43560.jpg
1,/home/jonathan/Desktop/real-vs-fake/test/real/30974.jpg
1,/home/jonathan/Desktop/real-vs-fake/test/real/57843.jpg
1,/home/jonathan/Desktop/real-vs-fake/test/real/48017.jpg
1,/home/jonathan/Desktop/real-vs-fake/test/real/12659.jpg
1,/home/jonathan/Desktop/real-vs-fake/test/real/55652.jpg
1,/home/jonathan/Desktop/real-vs-fake/test/real/35805.jpg
1,/home/jonathan/Desktop/real-vs-fake/test/real/06093.jpg
1,/home/jonathan/Desktop/real-vs-fake/test/real/07576.jpg
1,/home/jonathan/Desktop/real-vs-fake/test/real/08818.jpg
1,/home/jonathan/Desktop/real-vs-fake/test/real/17618.jpg
1,/home/jonathan/Desktop/real-vs-fake/test/real/41629.jpg
1,/home/jonathan/Desktop/real-vs-fake/test/real/38326.jpg
1,/home/jonathan/Desktop/real-vs-fake/test/real/39991.jpg
1,/home/jonathan/Desktop/real-vs-fake/test/real/11641.jpg
1,/home/jonathan/Desktop/real-vs-fake/test/real/49923.jpg
1,/home/jonathan/Desktop/real-vs-fake/test/real/53412.jpg
1,/home/jonathan/Desktop/real-vs-fake/test/real/26218.jpg
1,/home/jonathan/Desktop/real-vs-fake/test/real/18524.jpg
1,/home/jonathan/Desktop/real-vs-fake/test/real/07527.jpg
1,/home/jonathan/Desktop/real-vs-fake/test/real/68795.jpg
1,/home/jonathan/Desktop/real-vs-fake/test/real/53913.jpg
1,/home/jonathan/Desktop/real-vs-fake/test/real/60680.jpg
1,/home/jonathan/Desktop/real-vs-fake/test/real/66747.jpg
1,/home/jonathan/Desktop/real-vs-fake/test/real/62927.jpg
1,/home/jonathan/Desktop/real-vs-fake/test/real/46093.jpg
1,/home/jonathan/Desktop/real-vs-fake/test/real/10910.jpg
1,/home/jonathan/Desktop/real-vs-fake/test/real/04374.jpg
1,/home/jonathan/Desktop/real-vs-fake/test/real/44505.jpg
1,/home/jonathan/Desktop/real-vs-fake/test/real/37877.jpg
1,/home/jonathan/Desktop/real-vs-fake/test/real/35509.jpg
1,/home/jonathan/Desktop/real-vs-fake/test/real/24158.jpg
1,/home/jonathan/Desktop/real-vs-fake/test/real/26857.jpg
1,/home/jonathan/Desktop/real-vs-fake/test/real/35533.jpg
1,/home/jonathan/Desktop/real-vs-fake/test/real/60744.jpg
1,/home/jonathan/Desktop/real-vs-fake/test/real/15418.jpg
1,/home/jonathan/Desktop/real-vs-fake/test/real/31899.jpg
1,/home/jonathan/Desktop/real-vs-fake/test/real/40410.jpg
1,/home/jonathan/Desktop/real-vs-fake/test/real/14615.jpg
1,/home/jonathan/Desktop/real-vs-fake/test/real/09827.jpg
1,/home/jonathan/Desktop/real-vs-fake/test/real/25311.jpg
1,/home/jonathan/Desktop/real-vs-fake/test/real/31937.jpg
1,/home/jonathan/Desktop/real-vs-fake/test/real/65153.jpg
1,/home/jonathan/Desktop/real-vs-fake/test/real/09258.jpg
1,/home/jonathan/Desktop/real-vs-fake/test/real/24907.jpg
1,/home/jonathan/Desktop/real-vs-fake/test/real/21349.jpg
1,/home/jonathan/Desktop/real-vs-fake/test/real/68333.jpg
1,/home/jonathan/Desktop/real-vs-fake/test/real/08803.jpg
1,/home/jonathan/Desktop/real-vs-fake/test/real/05875.jpg
1,/home/jonathan/Desktop/real-vs-fake/test/real/04098.jpg
1,/home/jonathan/Desktop/real-vs-fake/test/real/41086.jpg
1,/home/jonathan/Desktop/real-vs-fake/test/real/27722.jpg
1,/home/jonathan/Desktop/real-vs-fake/test/real/26881.jpg
1,/home/jonathan/Desktop/real-vs-fake/test/real/27416.jpg
1,/home/jonathan/Desktop/real-vs-fake/test/real/41111.jpg
1,/home/jonathan/Desktop/real-vs-fake/test/real/06616.jpg
1,/home/jonathan/Desktop/real-vs-fake/test/real/32823.jpg
1,/home/jonathan/Desktop/real-vs-fake/test/real/04868.jpg
1,/home/jonathan/Desktop/real-vs-fake/test/real/36791.jpg
1,/home/jonathan/Desktop/real-vs-fake/test/real/16746.jpg
1,/home/jonathan/Desktop/real-vs-fake/test/real/08021.jpg
1,/home/jonathan/Desktop/real-vs-fake/test/real/45114.jpg
1,/home/jonathan/Desktop/real-vs-fake/test/real/52743.jpg
1,/home/jonathan/Desktop/real-vs-fake/test/real/01546.jpg
1,/home/jonathan/Desktop/real-vs-fake/test/real/40211.jpg
1,/home/jonathan/Desktop/real-vs-fake/test/real/12590.jpg
1,/home/jonathan/Desktop/real-vs-fake/test/real/43599.jpg
1,/home/jonathan/Desktop/real-vs-fake/test/real/13608.jpg
1,/home/jonathan/Desktop/real-vs-fake/test/real/34744.jpg
1,/home/jonathan/Desktop/real-vs-fake/test/real/02493.jpg
1,/home/jonathan/Desktop/real-vs-fake/test/real/40100.jpg
1,/home/jonathan/Desktop/real-vs-fake/test/real/52717.jpg
1,/home/jonathan/Desktop/real-vs-fake/test/real/23342.jpg
1,/home/jonathan/Desktop/real-vs-fake/test/real/07156.jpg
1,/home/jonathan/Desktop/real-vs-fake/test/real/56461.jpg
1,/home/jonathan/Desktop/real-vs-fake/test/real/00113.jpg
1,/home/jonathan/Desktop/real-vs-fake/test/real/04370.jpg
1,/home/jonathan/Desktop/real-vs-fake/test/real/18173.jpg
1,/home/jonathan/Desktop/real-vs-fake/test/real/34106.jpg
1,/home/jonathan/Desktop/real-vs-fake/test/real/61770.jpg
1,/home/jonathan/Desktop/real-vs-fake/test/real/55259.jpg
1,/home/jonathan/Desktop/real-vs-fake/test/real/69757.jpg
1,/home/jonathan/Desktop/real-vs-fake/test/real/48711.jpg
1,/home/jonathan/Desktop/real-vs-fake/test/real/66532.jpg
1,/home/jonathan/Desktop/real-vs-fake/test/real/03957.jpg
1,/home/jonathan/Desktop/real-vs-fake/test/real/63341.jpg
1,/home/jonathan/Desktop/real-vs-fake/test/real/68241.jpg
1,/home/jonathan/Desktop/real-vs-fake/test/real/23970.jpg
1,/home/jonathan/Desktop/real-vs-fake/test/real/14376.jpg
1,/home/jonathan/Desktop/real-vs-fake/test/real/09416.jpg
1,/home/jonathan/Desktop/real-vs-fake/test/real/34300.jpg
1,/home/jonathan/Desktop/real-vs-fake/test/real/69002.jpg
1,/home/jonathan/Desktop/real-vs-fake/test/real/17631.jpg
1,/home/jonathan/Desktop/real-vs-fake/test/real/69885.jpg
0,/home/jonathan/Desktop/real-vs-fake/test/fake/JGPBKMK8OU.jpg
0,/home/jonathan/Desktop/real-vs-fake/test/fake/5XB9RSUJ26.jpg
0,/home/jonathan/Desktop/real-vs-fake/test/fake/0UJB28VB26.jpg
0,/home/jonathan/Desktop/real-vs-fake/test/fake/U4OS7A5EVR.jpg
0,/home/jonathan/Desktop/real-vs-fake/test/fake/CCGNRZ46QZ.jpg
0,/home/jonathan/Desktop/real-vs-fake/test/fake/IDXQ76I6GI.jpg
0,/home/jonathan/Desktop/real-vs-fake/test/fake/IYM5AXHE4I.jpg
0,/home/jonathan/Desktop/real-vs-fake/test/fake/8FXL6ZBEK1.jpg
0,/home/jonathan/Desktop/real-vs-fake/test/fake/FT312YA704.jpg
0,/home/jonathan/Desktop/real-vs-fake/test/fake/7VVURTOD9Z.jpg
0,/home/jonathan/Desktop/real-vs-fake/test/fake/59Q5YH36P1.jpg
0,/home/jonathan/Desktop/real-vs-fake/test/fake/0RE5MGYMQ7.jpg
0,/home/jonathan/Desktop/real-vs-fake/test/fake/97GXDOTVDI.jpg
0,/home/jonathan/Desktop/real-vs-fake/test/fake/5GN2VJIBNE.jpg
0,/home/jonathan/Desktop/real-vs-fake/test/fake/5G9V6HDJK3.jpg
0,/home/jonathan/Desktop/real-vs-fake/test/fake/XYQ3RCM569.jpg
0,/home/jonathan/Desktop/real-vs-fake/test/fake/SQQ6HP3G6M.jpg
0,/home/jonathan/Desktop/real-vs-fake/test/fake/91SJGUMVP1.jpg
0,/home/jonathan/Desktop/real-vs-fake/test/fake/CKHPP66KSB.jpg
0,/home/jonathan/Desktop/real-vs-fake/test/fake/Y41UFOU1Q0.jpg
0,/home/jonathan/Desktop/real-vs-fake/test/fake/1BYV2ZMWDX.jpg
0,/home/jonathan/Desktop/real-vs-fake/test/fake/UXQEA9AVFS.jpg
0,/home/jonathan/Desktop/real-vs-fake/test/fake/SU0SOT0N64.jpg
0,/home/jonathan/Desktop/real-vs-fake/test/fake/XYR6S8100I.jpg
0,/home/jonathan/Desktop/real-vs-fake/test/fake/MTIJKNJG7R.jpg
0,/home/jonathan/Desktop/real-vs-fake/test/fake/C1JWQOK0D9.jpg
0,/home/jonathan/Desktop/real-vs-fake/test/fake/70C4D9PXW2.jpg
0,/home/jonathan/Desktop/real-vs-fake/test/fake/9V3B6PA4VA.jpg
0,/home/jonathan/Desktop/real-vs-fake/test/fake/CECKNZG2AG.jpg
0,/home/jonathan/Desktop/real-vs-fake/test/fake/S344BXK4VJ.jpg
0,/home/jonathan/Desktop/real-vs-fake/test/fake/LHHTNYTQRM.jpg
0,/home/jonathan/Desktop/real-vs-fake/test/fake/REYERJGX8B.jpg
0,/home/jonathan/Desktop/real-vs-fake/test/fake/XHHNJUACUP.jpg
0,/home/jonathan/Desktop/real-vs-fake/test/fake/QQQ8AF404F.jpg
0,/home/jonathan/Desktop/real-vs-fake/test/fake/LXV3HRQV4N.jpg
0,/home/jonathan/Desktop/real-vs-fake/test/fake/AM9GG2R3L4.jpg
0,/home/jonathan/Desktop/real-vs-fake/test/fake/RZHTFLYTDH.jpg
0,/home/jonathan/Desktop/real-vs-fake/test/fake/8FFTRXKFTN.jpg
0,/home/jonathan/Desktop/real-vs-fake/test/fake/WD0PP91PIJ.jpg
0,/home/jonathan/Desktop/real-vs-fake/test/fake/6XGZIODGRA.jpg
0,/home/jonathan/Desktop/real-vs-fake/test/fake/O3S77GR0JI.jpg
0,/home/jonathan/Desktop/real-vs-fake/test/fake/SCACQ3Z77B.jpg
0,/home/jonathan/Desktop/real-vs-fake/test/fake/M1K3L124ZJ.jpg
0,/home/jonathan/Desktop/real-vs-fake/test/fake/THM857ODUT.jpg
0,/home/jonathan/Desktop/real-vs-fake/test/fake/QVWJV10FFF.jpg
0,/home/jonathan/Desktop/real-vs-fake/test/fake/F1OS8SG7PE.jpg
0,/home/jonathan/Desktop/real-vs-fake/test/fake/D8B63LVH4N.jpg
0,/home/jonathan/Desktop/real-vs-fake/test/fake/990JA70TDY.jpg
0,/home/jonathan/Desktop/real-vs-fake/test/fake/LY9OYYM0RS.jpg
0,/home/jonathan/Desktop/real-vs-fake/test/fake/6RWQ7WZ61W.jpg
0,/home/jonathan/Desktop/real-vs-fake/test/fake/5Y9BMKQ35W.jpg
0,/home/jonathan/Desktop/real-vs-fake/test/fake/IR0JFMG7S1.jpg
0,/home/jonathan/Desktop/real-vs-fake/test/fake/TJO1ZZUVUP.jpg
0,/home/jonathan/Desktop/real-vs-fake/test/fake/DA2I3C7JXX.jpg
0,/home/jonathan/Desktop/real-vs-fake/test/fake/9F0C3IY39I.jpg
0,/home/jonathan/Desktop/real-vs-fake/test/fake/VAQ038JZZA.jpg
0,/home/jonathan/Desktop/real-vs-fake/test/fake/ETG8Z92MQK.jpg
0,/home/jonathan/Desktop/real-vs-fake/test/fake/UQ33670XB8.jpg
0,/home/jonathan/Desktop/real-vs-fake/test/fake/Z9S8178O5V.jpg
0,/home/jonathan/Desktop/real-vs-fake/test/fake/AI6DGNP6YO.jpg
0,/home/jonathan/Desktop/real-vs-fake/test/fake/VK8D78RPZC.jpg
0,/home/jonathan/Desktop/real-vs-fake/test/fake/B6PGZCY4CC.jpg
0,/home/jonathan/Desktop/real-vs-fake/test/fake/YQ1VEPK048.jpg
0,/home/jonathan/Desktop/real-vs-fake/test/fake/HI4M6H6WF1.jpg
0,/home/jonathan/Desktop/real-vs-fake/test/fake/TNUS64QNGN.jpg
0,/home/jonathan/Desktop/real-vs-fake/test/fake/HGZR32KRYF.jpg
0,/home/jonathan/Desktop/real-vs-fake/test/fake/J76YLNK243.jpg
0,/home/jonathan/Desktop/real-vs-fake/test/fake/OJ3YRWG515.jpg
0,/home/jonathan/Desktop/real-vs-fake/test/fake/1HJLHMS66V.jpg
0,/home/jonathan/Desktop/real-vs-fake/test/fake/O0OYB4S89U.jpg
0,/home/jonathan/Desktop/real-vs-fake/test/fake/3J0MDBVLQJ.jpg
0,/home/jonathan/Desktop/real-vs-fake/test/fake/IP63UZ3K62.jpg
0,/home/jonathan/Desktop/real-vs-fake/test/fake/SUP8FZ46YC.jpg
0,/home/jonathan/Desktop/real-vs-fake/test/fake/7NZAQ32JAR.jpg
0,/home/jonathan/Desktop/real-vs-fake/test/fake/ROJYGN6E67.jpg
0,/home/jonathan/Desktop/real-vs-fake/test/fake/EJ1MXTRX51.jpg
0,/home/jonathan/Desktop/real-vs-fake/test/fake/HJ73XFY6K8.jpg
0,/home/jonathan/Desktop/real-vs-fake/test/fake/3BX62LRH81.jpg
0,/home/jonathan/Desktop/real-vs-fake/test/fake/H7V6L9IO0T.jpg
0,/home/jonathan/Desktop/real-vs-fake/test/fake/N1ACNTD77C.jpg
0,/home/jonathan/Desktop/real-vs-fake/test/fake/I3ZZEJ1S99.jpg
0,/home/jonathan/Desktop/real-vs-fake/test/fake/8A0C8QOYTV.jpg
0,/home/jonathan/Desktop/real-vs-fake/test/fake/Q11QI1C139.jpg
0,/home/jonathan/Desktop/real-vs-fake/test/fake/VVLWFEH76L.jpg
0,/home/jonathan/Desktop/real-vs-fake/test/fake/OJVAZ0S94X.jpg
0,/home/jonathan/Desktop/real-vs-fake/test/fake/J5NDQS64KX.jpg
0,/home/jonathan/Desktop/real-vs-fake/test/fake/UOVHO8KE4L.jpg
0,/home/jonathan/Desktop/real-vs-fake/test/fake/CIGY04LDA0.jpg
0,/home/jonathan/Desktop/real-vs-fake/test/fake/Z1KTVYFYKM.jpg
0,/home/jonathan/Desktop/real-vs-fake/test/fake/20K6JQCT13.jpg
0,/home/jonathan/Desktop/real-vs-fake/test/fake/3MBZX3YO4C.jpg
0,/home/jonathan/Desktop/real-vs-fake/test/fake/T2EU8SLQXK.jpg
0,/home/jonathan/Desktop/real-vs-fake/test/fake/Y0FFP6DB89.jpg
0,/home/jonathan/Desktop/real-vs-fake/test/fake/VR5NJWDF6J.jpg
0,/home/jonathan/Desktop/real-vs-fake/test/fake/YX87AIF679.jpg
0,/home/jonathan/Desktop/real-vs-fake/test/fake/GPRMFTC2PK.jpg
0,/home/jonathan/Desktop/real-vs-fake/test/fake/J6N5FGPZ2M.jpg
0,/home/jonathan/Desktop/real-vs-fake/test/fake/2MS98LWSXB.jpg
0,/home/jonathan/Desktop/real-vs-fake/test/fake/X5NALHR72I.jpg
0,/home/jonathan/Desktop/real-vs-fake/test/fake/6N5MSYFPFM.jpg
0,/home/jonathan/Desktop/real-vs-fake/test/fake/D5539UB5LZ.jpg
0,/home/jonathan/Desktop/real-vs-fake/test/fake/FTBF2EHB83.jpg
0,/home/jonathan/Desktop/real-vs-fake/test/fake/VSPAJ93D1E.jpg
0,/home/jonathan/Desktop/real-vs-fake/test/fake/A5S0RYTFK7.jpg
0,/home/jonathan/Desktop/real-vs-fake/test/fake/6608ZWSGZQ.jpg
0,/home/jonathan/Desktop/real-vs-fake/test/fake/2DOTOSSMDW.jpg
0,/home/jonathan/Desktop/real-vs-fake/test/fake/VQZ8IX04BX.jpg
0,/home/jonathan/Desktop/real-vs-fake/test/fake/N5V6A14J0E.jpg
0,/home/jonathan/Desktop/real-vs-fake/test/fake/O8G1LU0VV9.jpg
0,/home/jonathan/Desktop/real-vs-fake/test/fake/MW426RS2NW.jpg
0,/home/jonathan/Desktop/real-vs-fake/test/fake/LLJ7YM72P4.jpg
0,/home/jonathan/Desktop/real-vs-fake/test/fake/6ZAX0BNPXJ.jpg
0,/home/jonathan/Desktop/real-vs-fake/test/fake/MHDZUQWTKO.jpg
0,/home/jonathan/Desktop/real-vs-fake/test/fake/U0R1K9DMAM.jpg
0,/home/jonathan/Desktop/real-vs-fake/test/fake/K1IHJOWLBV.jpg
0,/home/jonathan/Desktop/real-vs-fake/test/fake/5R95ZI0PZF.jpg
0,/home/jonathan/Desktop/real-vs-fake/test/fake/1ICIP37P3S.jpg
0,/home/jonathan/Desktop/real-vs-fake/test/fake/JLCBVDX265.jpg
0,/home/jonathan/Desktop/real-vs-fake/test/fake/CGUPV1NFS5.jpg
0,/home/jonathan/Desktop/real-vs-fake/test/fake/26O5SAEI3Q.jpg
0,/home/jonathan/Desktop/real-vs-fake/test/fake/C1VQ9ODBFV.jpg
0,/home/jonathan/Desktop/real-vs-fake/test/fake/OB8YZGYWJZ.jpg
0,/home/jonathan/Desktop/real-vs-fake/test/fake/0Y2JBFRA56.jpg
0,/home/jonathan/Desktop/real-vs-fake/test/fake/P2P9E80FXP.jpg
0,/home/jonathan/Desktop/real-vs-fake/test/fake/IJ17MNNJC3.jpg
0,/home/jonathan/Desktop/real-vs-fake/test/fake/FXM7BMSAEA.jpg
0,/home/jonathan/Desktop/real-vs-fake/test/fake/I4GZ8NLYZJ.jpg
0,/home/jonathan/Desktop/real-vs-fake/test/fake/HXXTQNOY7N.jpg
0,/home/jonathan/Desktop/real-vs-fake/test/fake/DXBQIV6WR7.jpg
0,/home/jonathan/Desktop/real-vs-fake/test/fake/O6B3I5K4DW.jpg
0,/home/jonathan/Desktop/real-vs-fake/test/fake/MIBE89P8PP.jpg
0,/home/jonathan/Desktop/real-vs-fake/test/fake/ASE17AUDZH.jpg
0,/home/jonathan/Desktop/real-vs-fake/test/fake/XQPN2CH7R6.jpg
0,/home/jonathan/Desktop/real-vs-fake/test/fake/LP7CIUT200.jpg
0,/home/jonathan/Desktop/real-vs-fake/test/fake/2QKZ9VHRV4.jpg
0,/home/jonathan/Desktop/real-vs-fake/test/fake/KNHRDFTONP.jpg
0,/home/jonathan/Desktop/real-vs-fake/test/fake/MQGAL9GC4U.jpg
0,/home/jonathan/Desktop/real-vs-fake/test/fake/9C3LCEFL1N.jpg
0,/home/jonathan/Desktop/real-vs-fake/test/fake/Z1IY0Z5O5N.jpg
0,/home/jonathan/Desktop/real-vs-fake/test/fake/70ALBJN3Z9.jpg
0,/home/jonathan/Desktop/real-vs-fake/test/fake/6Z2XMQ6MF1.jpg
0,/home/jonathan/Desktop/real-vs-fake/test/fake/9ICJOILB6P.jpg
0,/home/jonathan/Desktop/real-vs-fake/test/fake/GMJR07593P.jpg
0,/home/jonathan/Desktop/real-vs-fake/test/fake/QDOK4K1S5K.jpg
0,/home/jonathan/Desktop/real-vs-fake/test/fake/W9852X02FD.jpg
0,/home/jonathan/Desktop/real-vs-fake/test/fake/CALX1K9PGI.jpg
0,/home/jonathan/Desktop/real-vs-fake/test/fake/JEHGCJO7QR.jpg
0,/home/jonathan/Desktop/real-vs-fake/test/fake/WCA1N3A6ZG.jpg
0,/home/jonathan/Desktop/real-vs-fake/test/fake/WZ48PIND84.jpg
0,/home/jonathan/Desktop/real-vs-fake/test/fake/26B0XBX5AQ.jpg
0,/home/jonathan/Desktop/real-vs-fake/test/fake/2RY4CGX2QG.jpg
0,/home/jonathan/Desktop/real-vs-fake/test/fake/3P235WF0H6.jpg
0,/home/jonathan/Desktop/real-vs-fake/test/fake/ZDDVYS7CT6.jpg
0,/home/jonathan/Desktop/real-vs-fake/test/fake/6TLEF8BN1J.jpg
0,/home/jonathan/Desktop/real-vs-fake/test/fake/SP1XPYS5GN.jpg
0,/home/jonathan/Desktop/real-vs-fake/test/fake/OPVXYQ6FK5.jpg
0,/home/jonathan/Desktop/real-vs-fake/test/fake/K060PT1SSY.jpg
0,/home/jonathan/Desktop/real-vs-fake/test/fake/W0T02EQA73.jpg
0,/home/jonathan/Desktop/real-vs-fake/test/fake/2X52ZUO3ID.jpg
0,/home/jonathan/Desktop/real-vs-fake/test/fake/JA81TZV5D9.jpg
0,/home/jonathan/Desktop/real-vs-fake/test/fake/7RJVZZFWL0.jpg
0,/home/jonathan/Desktop/real-vs-fake/test/fake/2XE4MKDLXS.jpg
0,/home/jonathan/Desktop/real-vs-fake/test/fake/FOECL1YW8A.jpg
0,/home/jonathan/Desktop/real-vs-fake/test/fake/M4T0DFLGYD.jpg
0,/home/jonathan/Desktop/real-vs-fake/test/fake/TA04GYKZ25.jpg
0,/home/jonathan/Desktop/real-vs-fake/test/fake/YUWOGEDAPD.jpg
0,/home/jonathan/Desktop/real-vs-fake/test/fake/QBFTHAJV7T.jpg
0,/home/jonathan/Desktop/real-vs-fake/test/fake/JIU2IB7JNA.jpg
0,/home/jonathan/Desktop/real-vs-fake/test/fake/WK1LU0M41P.jpg
0,/home/jonathan/Desktop/real-vs-fake/test/fake/3QHRZC91Z1.jpg
0,/home/jonathan/Desktop/real-vs-fake/test/fake/K7KV12O6K1.jpg
0,/home/jonathan/Desktop/real-vs-fake/test/fake/SE5MAUA4WP.jpg
0,/home/jonathan/Desktop/real-vs-fake/test/fake/XI3DH2F2AW.jpg
0,/home/jonathan/Desktop/real-vs-fake/test/fake/UI5I9L6PV0.jpg
0,/home/jonathan/Desktop/real-vs-fake/test/fake/X06VATPXB3.jpg
0,/home/jonathan/Desktop/real-vs-fake/test/fake/DOWFT04ZGM.jpg
0,/home/jonathan/Desktop/real-vs-fake/test/fake/02NUKFGPSJ.jpg
0,/home/jonathan/Desktop/real-vs-fake/test/fake/ZB1VGO0MUT.jpg
0,/home/jonathan/Desktop/real-vs-fake/test/fake/5QRXYOYUTP.jpg
0,/home/jonathan/Desktop/real-vs-fake/test/fake/YK1FB6AU8X.jpg
0,/home/jonathan/Desktop/real-vs-fake/test/fake/A2I6YM1L0F.jpg
0,/home/jonathan/Desktop/real-vs-fake/test/fake/QSUPLMUM4S.jpg
0,/home/jonathan/Desktop/real-vs-fake/test/fake/6VKAZF2AAV.jpg
0,/home/jonathan/Desktop/real-vs-fake/test/fake/Y96THFOQO4.jpg
0,/home/jonathan/Desktop/real-vs-fake/test/fake/GBWWC2VGN9.jpg
0,/home/jonathan/Desktop/real-vs-fake/test/fake/8T29LFVPFW.jpg
0,/home/jonathan/Desktop/real-vs-fake/test/fake/0YPKBB3XRZ.jpg
0,/home/jonathan/Desktop/real-vs-fake/test/fake/BRMZVN5XFF.jpg
0,/home/jonathan/Desktop/real-vs-fake/test/fake/2T81PBJAUC.jpg
0,/home/jonathan/Desktop/real-vs-fake/test/fake/2A0WWXHXPV.jpg
0,/home/jonathan/Desktop/real-vs-fake/test/fake/P9DU3S5SHD.jpg
0,/home/jonathan/Desktop/real-vs-fake/test/fake/N18L5A2BG4.jpg
0,/home/jonathan/Desktop/real-vs-fake/test/fake/6SJ5SDK2FU.jpg
0,/home/jonathan/Desktop/real-vs-fake/test/fake/PIWBI5V36B.jpg
0,/home/jonathan/Desktop/real-vs-fake/test/fake/I18YZ1KQ6O.jpg
0,/home/jonathan/Desktop/real-vs-fake/test/fake/K4LWL0HWEX.jpg
0,/home/jonathan/Desktop/real-vs-fake/test/fake/RF5BJPSP38.jpg
0,/home/jonathan/Desktop/real-vs-fake/test/fake/PBZCCUL5ZL.jpg
0,/home/jonathan/Desktop/real-vs-fake/test/fake/K5NQ5ZXXW7.jpg
0,/home/jonathan/Desktop/real-vs-fake/test/fake/R9N8TAESB0.jpg
0,/home/jonathan/Desktop/real-vs-fake/test/fake/YVE7T0GET4.jpg
0,/home/jonathan/Desktop/real-vs-fake/test/fake/9WZGQGPLZ7.jpg
0,/home/jonathan/Desktop/real-vs-fake/test/fake/SUYRLLJYCB.jpg
0,/home/jonathan/Desktop/real-vs-fake/test/fake/DDH4DTN2EZ.jpg
0,/home/jonathan/Desktop/real-vs-fake/test/fake/1B3BKQH6WQ.jpg
0,/home/jonathan/Desktop/real-vs-fake/test/fake/FDZWQB3QOX.jpg
0,/home/jonathan/Desktop/real-vs-fake/test/fake/LP4YM1TNFS.jpg
0,/home/jonathan/Desktop/real-vs-fake/test/fake/JWL8V88BTP.jpg
0,/home/jonathan/Desktop/real-vs-fake/test/fake/JO29S94GDF.jpg
0,/home/jonathan/Desktop/real-vs-fake/test/fake/UZEV6YYOVK.jpg
0,/home/jonathan/Desktop/real-vs-fake/test/fake/KBLOS29KG8.jpg
0,/home/jonathan/Desktop/real-vs-fake/test/fake/0DVYA7FY5M.jpg
0,/home/jonathan/Desktop/real-vs-fake/test/fake/13PM51J5UE.jpg
0,/home/jonathan/Desktop/real-vs-fake/test/fake/TR4V89N19T.jpg
0,/home/jonathan/Desktop/real-vs-fake/test/fake/SEBYQSN12R.jpg
0,/home/jonathan/Desktop/real-vs-fake/test/fake/X76U330SCQ.jpg
0,/home/jonathan/Desktop/real-vs-fake/test/fake/WYLVGO004J.jpg
0,/home/jonathan/Desktop/real-vs-fake/test/fake/0K71N2PIRO.jpg
0,/home/jonathan/Desktop/real-vs-fake/test/fake/UCX7Z6RF67.jpg
0,/home/jonathan/Desktop/real-vs-fake/test/fake/LMZI3CEIXR.jpg
0,/home/jonathan/Desktop/real-vs-fake/test/fake/XB9YCLSXGI.jpg
0,/home/jonathan/Desktop/real-vs-fake/test/fake/BBXNAFXBI9.jpg
0,/home/jonathan/Desktop/real-vs-fake/test/fake/9KP67A6CR2.jpg
0,/home/jonathan/Desktop/real-vs-fake/test/fake/ZU5O7FI7SQ.jpg
0,/home/jonathan/Desktop/real-vs-fake/test/fake/GXHDCOOWOE.jpg
0,/home/jonathan/Desktop/real-vs-fake/test/fake/RV61W1UGKJ.jpg
0,/home/jonathan/Desktop/real-vs-fake/test/fake/OXLGNGYJ9Z.jpg
0,/home/jonathan/Desktop/real-vs-fake/test/fake/P0NQNMFDEK.jpg
0,/home/jonathan/Desktop/real-vs-fake/test/fake/E7N2DK7ETN.jpg
0,/home/jonathan/Desktop/real-vs-fake/test/fake/5D1I46RAV0.jpg
0,/home/jonathan/Desktop/real-vs-fake/test/fake/H6IX1MHKSJ.jpg
0,/home/jonathan/Desktop/real-vs-fake/test/fake/DCVB0YKVI1.jpg
0,/home/jonathan/Desktop/real-vs-fake/test/fake/34B3R14B22.jpg
0,/home/jonathan/Desktop/real-vs-fake/test/fake/BQB9ZEC4IE.jpg
0,/home/jonathan/Desktop/real-vs-fake/test/fake/5V1QUPA933.jpg
0,/home/jonathan/Desktop/real-vs-fake/test/fake/5IQZHGGSLO.jpg
0,/home/jonathan/Desktop/real-vs-fake/test/fake/9G0RM4USBF.jpg
0,/home/jonathan/Desktop/real-vs-fake/test/fake/GEESEDTRV1.jpg
0,/home/jonathan/Desktop/real-vs-fake/test/fake/KQO2F69L7R.jpg
0,/home/jonathan/Desktop/real-vs-fake/test/fake/J3MU8X7Q6X.jpg
0,/home/jonathan/Desktop/real-vs-fake/test/fake/H9JF9ZWFV9.jpg
0,/home/jonathan/Desktop/real-vs-fake/test/fake/0CVIEM0JNX.jpg
0,/home/jonathan/Desktop/real-vs-fake/test/fake/7FLJXFIS6A.jpg
0,/home/jonathan/Desktop/real-vs-fake/test/fake/L5162YHS3T.jpg
0,/home/jonathan/Desktop/real-vs-fake/test/fake/R552I0B8D1.jpg
0,/home/jonathan/Desktop/real-vs-fake/test/fake/MM2UZURM5P.jpg
0,/home/jonathan/Desktop/real-vs-fake/test/fake/7CJB23SRL2.jpg
0,/home/jonathan/Desktop/real-vs-fake/test/fake/VEGUR1PA8O.jpg
0,/home/jonathan/Desktop/real-vs-fake/test/fake/7BJI9BOS7B.jpg
0,/home/jonathan/Desktop/real-vs-fake/test/fake/K7RSAY0SF7.jpg
0,/home/jonathan/Desktop/real-vs-fake/test/fake/YVK5HTSQKX.jpg
0,/home/jonathan/Desktop/real-vs-fake/test/fake/CNZZO5IPSM.jpg
0,/home/jonathan/Desktop/real-vs-fake/test/fake/DBYCJU8GSP.jpg
0,/home/jonathan/Desktop/real-vs-fake/test/fake/V9NGV7CZQ5.jpg
0,/home/jonathan/Desktop/real-vs-fake/test/fake/4TLE3CNRIW.jpg
0,/home/jonathan/Desktop/real-vs-fake/test/fake/7Z1LMJS4R9.jpg
0,/home/jonathan/Desktop/real-vs-fake/test/fake/JK8N0LIBAJ.jpg
0,/home/jonathan/Desktop/real-vs-fake/test/fake/AC401IEG9Z.jpg
0,/home/jonathan/Desktop/real-vs-fake/test/fake/6JT58I3BFX.jpg
0,/home/jonathan/Desktop/real-vs-fake/test/fake/OWYL5RREWS.jpg
0,/home/jonathan/Desktop/real-vs-fake/test/fake/RX2ANGBGW7.jpg
0,/home/jonathan/Desktop/real-vs-fake/test/fake/05ZW9VR406.jpg
0,/home/jonathan/Desktop/real-vs-fake/test/fake/F8F9JY526A.jpg
0,/home/jonathan/Desktop/real-vs-fake/test/fake/HEWIH4BQNH.jpg
0,/home/jonathan/Desktop/real-vs-fake/test/fake/S2YC5VP7SO.jpg
0,/home/jonathan/Desktop/real-vs-fake/test/fake/WX7S4MRI44.jpg
0,/home/jonathan/Desktop/real-vs-fake/test/fake/6DYYX8HQLU.jpg
0,/home/jonathan/Desktop/real-vs-fake/test/fake/Q5PP7VI8N9.jpg
0,/home/jonathan/Desktop/real-vs-fake/test/fake/6FY7HABJ2I.jpg
0,/home/jonathan/Desktop/real-vs-fake/test/fake/VQFONO213Q.jpg
0,/home/jonathan/Desktop/real-vs-fake/test/fake/NV2VTUSU0R.jpg
0,/home/jonathan/Desktop/real-vs-fake/test/fake/W9NYIQGSSS.jpg
0,/home/jonathan/Desktop/real-vs-fake/test/fake/0LIB90T8PL.jpg
0,/home/jonathan/Desktop/real-vs-fake/test/fake/T3FWI7QXQ4.jpg
0,/home/jonathan/Desktop/real-vs-fake/test/fake/VKMEXHN34U.jpg
0,/home/jonathan/Desktop/real-vs-fake/test/fake/LR7BT87F9E.jpg
0,/home/jonathan/Desktop/real-vs-fake/test/fake/ZPE63XXENL.jpg
0,/home/jonathan/Desktop/real-vs-fake/test/fake/KYPQPW8FIO.jpg
0,/home/jonathan/Desktop/real-vs-fake/test/fake/O0N2G9RDI7.jpg
0,/home/jonathan/Desktop/real-vs-fake/test/fake/GJ1JOCLKG7.jpg
0,/home/jonathan/Desktop/real-vs-fake/test/fake/GT9GLNM5WP.jpg
0,/home/jonathan/Desktop/real-vs-fake/test/fake/R4I7TCE1QT.jpg
0,/home/jonathan/Desktop/real-vs-fake/test/fake/16VHZQF7GV.jpg
0,/home/jonathan/Desktop/real-vs-fake/test/fake/GGLC7AAO04.jpg
0,/home/jonathan/Desktop/real-vs-fake/test/fake/ZGFGOIIM1Y.jpg
0,/home/jonathan/Desktop/real-vs-fake/test/fake/ST6VTGQ9IE.jpg
0,/home/jonathan/Desktop/real-vs-fake/test/fake/Q5MIS7DBGS.jpg
0,/home/jonathan/Desktop/real-vs-fake/test/fake/F7G0K5UY84.jpg
0,/home/jonathan/Desktop/real-vs-fake/test/fake/5TSQ7X8DKK.jpg
0,/home/jonathan/Desktop/real-vs-fake/test/fake/FGDK2QOAR7.jpg
0,/home/jonathan/Desktop/real-vs-fake/test/fake/1SPIHM4RHU.jpg
0,/home/jonathan/Desktop/real-vs-fake/test/fake/DV5RO2G0GO.jpg
0,/home/jonathan/Desktop/real-vs-fake/test/fake/WFWXM4PZYM.jpg
0,/home/jonathan/Desktop/real-vs-fake/test/fake/LT6Y33DC7N.jpg
0,/home/jonathan/Desktop/real-vs-fake/test/fake/S9NZ36HOSK.jpg
0,/home/jonathan/Desktop/real-vs-fake/test/fake/7O77VFJW59.jpg
0,/home/jonathan/Desktop/real-vs-fake/test/fake/2AMK9WRIST.jpg
0,/home/jonathan/Desktop/real-vs-fake/test/fake/EA1DKZCX13.jpg
0,/home/jonathan/Desktop/real-vs-fake/test/fake/5BUA21GGUF.jpg
0,/home/jonathan/Desktop/real-vs-fake/test/fake/R9JRSFR4T6.jpg
0,/home/jonathan/Desktop/real-vs-fake/test/fake/BQ2VGY4RA7.jpg
0,/home/jonathan/Desktop/real-vs-fake/test/fake/F4JGF50E4V.jpg
0,/home/jonathan/Desktop/real-vs-fake/test/fake/H5VHMKAPC2.jpg
0,/home/jonathan/Desktop/real-vs-fake/test/fake/TXM63CEBNW.jpg
0,/home/jonathan/Desktop/real-vs-fake/test/fake/PBHQ8YAJX5.jpg
0,/home/jonathan/Desktop/real-vs-fake/test/fake/IW6FZUMG14.jpg
0,/home/jonathan/Desktop/real-vs-fake/test/fake/7TJ9L4FP7O.jpg
0,/home/jonathan/Desktop/real-vs-fake/test/fake/RVAP4D2PX3.jpg
0,/home/jonathan/Desktop/real-vs-fake/test/fake/FJFLTUTF2Z.jpg
0,/home/jonathan/Desktop/real-vs-fake/test/fake/RB2PPLR0VZ.jpg
0,/home/jonathan/Desktop/real-vs-fake/test/fake/HHFXE5TE00.jpg
0,/home/jonathan/Desktop/real-vs-fake/test/fake/83RBSSCMTX.jpg
0,/home/jonathan/Desktop/real-vs-fake/test/fake/1REZLKNWE1.jpg
0,/home/jonathan/Desktop/real-vs-fake/test/fake/OL9WYDNYIW.jpg
0,/home/jonathan/Desktop/real-vs-fake/test/fake/107OIBSLB4.jpg
0,/home/jonathan/Desktop/real-vs-fake/test/fake/651K16MR8J.jpg
0,/home/jonathan/Desktop/real-vs-fake/test/fake/DLDGEY7U1W.jpg
0,/home/jonathan/Desktop/real-vs-fake/test/fake/S9OKW0S2WV.jpg
0,/home/jonathan/Desktop/real-vs-fake/test/fake/HCCK8HSKCK.jpg
0,/home/jonathan/Desktop/real-vs-fake/test/fake/VA7C2OTM1G.jpg
0,/home/jonathan/Desktop/real-vs-fake/test/fake/8FG3767M11.jpg
0,/home/jonathan/Desktop/real-vs-fake/test/fake/VZD03IPQP8.jpg
0,/home/jonathan/Desktop/real-vs-fake/test/fake/PC309D7Q6I.jpg
0,/home/jonathan/Desktop/real-vs-fake/test/fake/QQW2096F4A.jpg
0,/home/jonathan/Desktop/real-vs-fake/test/fake/JGEVCWK1VE.jpg
0,/home/jonathan/Desktop/real-vs-fake/test/fake/H6F8SFRJ0C.jpg
0,/home/jonathan/Desktop/real-vs-fake/test/fake/GXELKJELOM.jpg
0,/home/jonathan/Desktop/real-vs-fake/test/fake/PBE33YVWDJ.jpg
0,/home/jonathan/Desktop/real-vs-fake/test/fake/20IM6SME0J.jpg
0,/home/jonathan/Desktop/real-vs-fake/test/fake/SPYS6I8C4X.jpg
0,/home/jonathan/Desktop/real-vs-fake/test/fake/G4OB973UET.jpg
0,/home/jonathan/Desktop/real-vs-fake/test/fake/SCN6SIAMRX.jpg
0,/home/jonathan/Desktop/real-vs-fake/test/fake/C4YQ5KKGKD.jpg
0,/home/jonathan/Desktop/real-vs-fake/test/fake/R776BWNRY6.jpg
0,/home/jonathan/Desktop/real-vs-fake/test/fake/FOS69RJVT6.jpg
0,/home/jonathan/Desktop/real-vs-fake/test/fake/8CDM7NQ23N.jpg
0,/home/jonathan/Desktop/real-vs-fake/test/fake/102H8WP699.jpg
0,/home/jonathan/Desktop/real-vs-fake/test/fake/6GE5RTWECN.jpg
0,/home/jonathan/Desktop/real-vs-fake/test/fake/5FOG6XR5E2.jpg
0,/home/jonathan/Desktop/real-vs-fake/test/fake/CR9PSXJVP3.jpg
0,/home/jonathan/Desktop/real-vs-fake/test/fake/9HC1XE2177.jpg
0,/home/jonathan/Desktop/real-vs-fake/test/fake/43Q9SPNUS2.jpg
0,/home/jonathan/Desktop/real-vs-fake/test/fake/SDQPECEDDO.jpg
0,/home/jonathan/Desktop/real-vs-fake/test/fake/GDOGSTVZXC.jpg
0,/home/jonathan/Desktop/real-vs-fake/test/fake/92BP44ZEIP.jpg
0,/home/jonathan/Desktop/real-vs-fake/test/fake/0GR2UU7PTU.jpg
0,/home/jonathan/Desktop/real-vs-fake/test/fake/9WK8LPHD3E.jpg
0,/home/jonathan/Desktop/real-vs-fake/test/fake/0H7Q99VU2D.jpg
0,/home/jonathan/Desktop/real-vs-fake/test/fake/AB5ALBYAAQ.jpg
0,/home/jonathan/Desktop/real-vs-fake/test/fake/IURBVQ5TVX.jpg
0,/home/jonathan/Desktop/real-vs-fake/test/fake/A9PD29YLV3.jpg
0,/home/jonathan/Desktop/real-vs-fake/test/fake/B87NODN35G.jpg
0,/home/jonathan/Desktop/real-vs-fake/test/fake/P7VV3MAN6A.jpg
0,/home/jonathan/Desktop/real-vs-fake/test/fake/13627Q8NRD.jpg
0,/home/jonathan/Desktop/real-vs-fake/test/fake/O6MQMW5I44.jpg
0,/home/jonathan/Desktop/real-vs-fake/test/fake/RQFAKPJWBT.jpg
0,/home/jonathan/Desktop/real-vs-fake/test/fake/1RU1HB7273.jpg
0,/home/jonathan/Desktop/real-vs-fake/test/fake/567AVCNWC2.jpg
0,/home/jonathan/Desktop/real-vs-fake/test/fake/H0YNGR6D9V.jpg
0,/home/jonathan/Desktop/real-vs-fake/test/fake/RRJEFQINFT.jpg
0,/home/jonathan/Desktop/real-vs-fake/test/fake/QHX6UFH7NA.jpg
0,/home/jonathan/Desktop/real-vs-fake/test/fake/V5VZPSD8ZV.jpg
0,/home/jonathan/Desktop/real-vs-fake/test/fake/AMUYOCET58.jpg
0,/home/jonathan/Desktop/real-vs-fake/test/fake/D5NUEHPH8N.jpg
0,/home/jonathan/Desktop/real-vs-fake/test/fake/FE3TJZNZEE.jpg
0,/home/jonathan/Desktop/real-vs-fake/test/fake/IX7DURBP3V.jpg
0,/home/jonathan/Desktop/real-vs-fake/test/fake/IAPDCYD1U3.jpg
0,/home/jonathan/Desktop/real-vs-fake/test/fake/C1KUCP6JKU.jpg
0,/home/jonathan/Desktop/real-vs-fake/test/fake/6HJNIV1HGA.jpg
0,/home/jonathan/Desktop/real-vs-fake/test/fake/X5ZOIZP0WX.jpg
0,/home/jonathan/Desktop/real-vs-fake/test/fake/RS96OCTXXW.jpg
0,/home/jonathan/Desktop/real-vs-fake/test/fake/AVGAPF3NY5.jpg
0,/home/jonathan/Desktop/real-vs-fake/test/fake/LYR8QF9Y6S.jpg
0,/home/jonathan/Desktop/real-vs-fake/test/fake/Y940UOH558.jpg
0,/home/jonathan/Desktop/real-vs-fake/test/fake/V9GRWVXLM2.jpg
0,/home/jonathan/Desktop/real-vs-fake/test/fake/NAA9VIUKD4.jpg
0,/home/jonathan/Desktop/real-vs-fake/test/fake/5HA2I2T6CV.jpg
0,/home/jonathan/Desktop/real-vs-fake/test/fake/PLTFMMI21Y.jpg
0,/home/jonathan/Desktop/real-vs-fake/test/fake/SFIGTVQT6O.jpg
0,/home/jonathan/Desktop/real-vs-fake/test/fake/KHMEYVJFDE.jpg
0,/home/jonathan/Desktop/real-vs-fake/test/fake/FBP82HH40M.jpg
0,/home/jonathan/Desktop/real-vs-fake/test/fake/AOCD86HBD7.jpg
0,/home/jonathan/Desktop/real-vs-fake/test/fake/W6E8LLNECZ.jpg
0,/home/jonathan/Desktop/real-vs-fake/test/fake/0YDC928A6E.jpg
0,/home/jonathan/Desktop/real-vs-fake/test/fake/UMHAGRME0L.jpg
0,/home/jonathan/Desktop/real-vs-fake/test/fake/O8DI62IYDB.jpg
0,/home/jonathan/Desktop/real-vs-fake/test/fake/QO9FNLBVEC.jpg
0,/home/jonathan/Desktop/real-vs-fake/test/fake/4XKU22JXOY.jpg
0,/home/jonathan/Desktop/real-vs-fake/test/fake/77XMOFJKNM.jpg
0,/home/jonathan/Desktop/real-vs-fake/test/fake/QSE7B3Z850.jpg
0,/home/jonathan/Desktop/real-vs-fake/test/fake/VRKLODOUDU.jpg
0,/home/jonathan/Desktop/real-vs-fake/test/fake/FXPW7S5WNM.jpg
0,/home/jonathan/Desktop/real-vs-fake/test/fake/P6I6XX5P60.jpg
0,/home/jonathan/Desktop/real-vs-fake/test/fake/8PL39CU1SO.jpg
0,/home/jonathan/Desktop/real-vs-fake/test/fake/5HDTYWW4RS.jpg
0,/home/jonathan/Desktop/real-vs-fake/test/fake/8R1HYJH7K2.jpg
0,/home/jonathan/Desktop/real-vs-fake/test/fake/C5NZ064KYG.jpg
0,/home/jonathan/Desktop/real-vs-fake/test/fake/V18S1JH742.jpg
0,/home/jonathan/Desktop/real-vs-fake/test/fake/XYHG2JBRQ9.jpg
0,/home/jonathan/Desktop/real-vs-fake/test/fake/1IPCLGLR8R.jpg
0,/home/jonathan/Desktop/real-vs-fake/test/fake/IGNNXKTE2G.jpg
0,/home/jonathan/Desktop/real-vs-fake/test/fake/76YYCM3T9M.jpg
0,/home/jonathan/Desktop/real-vs-fake/test/fake/1308F9M1GP.jpg
0,/home/jonathan/Desktop/real-vs-fake/test/fake/QG98PEBMIP.jpg
0,/home/jonathan/Desktop/real-vs-fake/test/fake/434H0U6H7L.jpg
0,/home/jonathan/Desktop/real-vs-fake/test/fake/K57GER8SB6.jpg
0,/home/jonathan/Desktop/real-vs-fake/test/fake/HE5KSJAXLL.jpg
0,/home/jonathan/Desktop/real-vs-fake/test/fake/DVSAL7RP3I.jpg
0,/home/jonathan/Desktop/real-vs-fake/test/fake/XE1YNLO342.jpg
0,/home/jonathan/Desktop/real-vs-fake/test/fake/54TC8EUDED.jpg
0,/home/jonathan/Desktop/real-vs-fake/test/fake/7RE0CQS21L.jpg
0,/home/jonathan/Desktop/real-vs-fake/test/fake/NO99T4878O.jpg
0,/home/jonathan/Desktop/real-vs-fake/test/fake/VO257Y47NA.jpg
0,/home/jonathan/Desktop/real-vs-fake/test/fake/988FTT5LRA.jpg
0,/home/jonathan/Desktop/real-vs-fake/test/fake/V9IB6BLYJI.jpg
0,/home/jonathan/Desktop/real-vs-fake/test/fake/GT0C9LE37W.jpg
0,/home/jonathan/Desktop/real-vs-fake/test/fake/WFRR4458SY.jpg
0,/home/jonathan/Desktop/real-vs-fake/test/fake/OMUO8WPJQ4.jpg
0,/home/jonathan/Desktop/real-vs-fake/test/fake/7VX0LWTOMC.jpg
0,/home/jonathan/Desktop/real-vs-fake/test/fake/IWUI77RTE5.jpg
0,/home/jonathan/Desktop/real-vs-fake/test/fake/79WCCJQHZG.jpg
0,/home/jonathan/Desktop/real-vs-fake/test/fake/R09PHD50MF.jpg
0,/home/jonathan/Desktop/real-vs-fake/test/fake/KWQMYKYF2Z.jpg
0,/home/jonathan/Desktop/real-vs-fake/test/fake/5K4O2XYWRH.jpg
0,/home/jonathan/Desktop/real-vs-fake/test/fake/HN3VXCZBII.jpg
0,/home/jonathan/Desktop/real-vs-fake/test/fake/5XDK0FKPNR.jpg
0,/home/jonathan/Desktop/real-vs-fake/test/fake/GWWKU0QU68.jpg
0,/home/jonathan/Desktop/real-vs-fake/test/fake/U1428D6ZNE.jpg
0,/home/jonathan/Desktop/real-vs-fake/test/fake/Z4CE5DFXC5.jpg
0,/home/jonathan/Desktop/real-vs-fake/test/fake/WV7E9RLFPC.jpg
0,/home/jonathan/Desktop/real-vs-fake/test/fake/WJ68DF20NQ.jpg
0,/home/jonathan/Desktop/real-vs-fake/test/fake/XP699Z2QUV.jpg
0,/home/jonathan/Desktop/real-vs-fake/test/fake/EXM2JYUYNF.jpg
0,/home/jonathan/Desktop/real-vs-fake/test/fake/4DQ55FR1W3.jpg
0,/home/jonathan/Desktop/real-vs-fake/test/fake/PILJGXKJXZ.jpg
0,/home/jonathan/Desktop/real-vs-fake/test/fake/134QIC9TH8.jpg
0,/home/jonathan/Desktop/real-vs-fake/test/fake/CA4J7DB9Q9.jpg
0,/home/jonathan/Desktop/real-vs-fake/test/fake/WX7T7OL5MA.jpg
0,/home/jonathan/Desktop/real-vs-fake/test/fake/7YBEVJX3YN.jpg
0,/home/jonathan/Desktop/real-vs-fake/test/fake/O9OBU9ZTL2.jpg
0,/home/jonathan/Desktop/real-vs-fake/test/fake/3D5K3AAM2V.jpg
0,/home/jonathan/Desktop/real-vs-fake/test/fake/US7BR0ADQP.jpg
0,/home/jonathan/Desktop/real-vs-fake/test/fake/TGT8C2LMKQ.jpg
0,/home/jonathan/Desktop/real-vs-fake/test/fake/ZG3N3O2XTK.jpg
0,/home/jonathan/Desktop/real-vs-fake/test/fake/4D6AANZ4BC.jpg
0,/home/jonathan/Desktop/real-vs-fake/test/fake/L9YL10807Z.jpg
0,/home/jonathan/Desktop/real-vs-fake/test/fake/HHZ2XB6ICK.jpg
0,/home/jonathan/Desktop/real-vs-fake/test/fake/UYP2C648YR.jpg
0,/home/jonathan/Desktop/real-vs-fake/test/fake/D4TD5J0BO4.jpg
0,/home/jonathan/Desktop/real-vs-fake/test/fake/H9YWOP7XJI.jpg
0,/home/jonathan/Desktop/real-vs-fake/test/fake/MH5GS1X440.jpg
0,/home/jonathan/Desktop/real-vs-fake/test/fake/6GGYQ84SQD.jpg
0,/home/jonathan/Desktop/real-vs-fake/test/fake/95JZTUT6KI.jpg
0,/home/jonathan/Desktop/real-vs-fake/test/fake/E8QLGSA21Q.jpg
0,/home/jonathan/Desktop/real-vs-fake/test/fake/L9J5UNZZ01.jpg
0,/home/jonathan/Desktop/real-vs-fake/test/fake/53XXJCA36W.jpg
0,/home/jonathan/Desktop/real-vs-fake/test/fake/SYKL9TLWPS.jpg
0,/home/jonathan/Desktop/real-vs-fake/test/fake/0C28G3DC1O.jpg
0,/home/jonathan/Desktop/real-vs-fake/test/fake/ZUMK26DTOF.jpg
0,/home/jonathan/Desktop/real-vs-fake/test/fake/Y2R8O7QH7M.jpg
0,/home/jonathan/Desktop/real-vs-fake/test/fake/18ZM6VRIYX.jpg
0,/home/jonathan/Desktop/real-vs-fake/test/fake/21VCWR5RFK.jpg
0,/home/jonathan/Desktop/real-vs-fake/test/fake/ST0JQ0SV0K.jpg
0,/home/jonathan/Desktop/real-vs-fake/test/fake/ZVGVOUOMOJ.jpg
0,/home/jonathan/Desktop/real-vs-fake/test/fake/2FT7TX98VQ.jpg
0,/home/jonathan/Desktop/real-vs-fake/test/fake/O1YTD6VYGA.jpg
0,/home/jonathan/Desktop/real-vs-fake/test/fake/ONEDUURGXG.jpg
0,/home/jonathan/Desktop/real-vs-fake/test/fake/WPBYXCRA1I.jpg
0,/home/jonathan/Desktop/real-vs-fake/test/fake/7XRSZ4TTHM.jpg
0,/home/jonathan/Desktop/real-vs-fake/test/fake/3X366Z7SXD.jpg
0,/home/jonathan/Desktop/real-vs-fake/test/fake/TEPPZHGGJJ.jpg
0,/home/jonathan/Desktop/real-vs-fake/test/fake/W8BV0PISGU.jpg
0,/home/jonathan/Desktop/real-vs-fake/test/fake/Q04S3FN5Y4.jpg
0,/home/jonathan/Desktop/real-vs-fake/test/fake/U8LYT50IAF.jpg
0,/home/jonathan/Desktop/real-vs-fake/test/fake/9HNPKC7552.jpg
0,/home/jonathan/Desktop/real-vs-fake/test/fake/LDLLAJJZTJ.jpg
0,/home/jonathan/Desktop/real-vs-fake/test/fake/U3S7FDYK03.jpg
0,/home/jonathan/Desktop/real-vs-fake/test/fake/YKBRFNXGG0.jpg
0,/home/jonathan/Desktop/real-vs-fake/test/fake/CMXRWOZ32B.jpg
0,/home/jonathan/Desktop/real-vs-fake/test/fake/Z124BRHSY9.jpg
0,/home/jonathan/Desktop/real-vs-fake/test/fake/F7ER12BFG9.jpg
0,/home/jonathan/Desktop/real-vs-fake/test/fake/MZKAIGURU3.jpg
0,/home/jonathan/Desktop/real-vs-fake/test/fake/4YNWIGGKPS.jpg
0,/home/jonathan/Desktop/real-vs-fake/test/fake/H7RC1C3HI6.jpg
0,/home/jonathan/Desktop/real-vs-fake/test/fake/WIR45FB2HG.jpg
0,/home/jonathan/Desktop/real-vs-fake/test/fake/PLWDB8WIVJ.jpg
0,/home/jonathan/Desktop/real-vs-fake/test/fake/D8SB98P5RA.jpg
0,/home/jonathan/Desktop/real-vs-fake/test/fake/1H30MLC4RO.jpg
0,/home/jonathan/Desktop/real-vs-fake/test/fake/P3YQOZG3HS.jpg
0,/home/jonathan/Desktop/real-vs-fake/test/fake/JGHT8RHYJL.jpg
0,/home/jonathan/Desktop/real-vs-fake/test/fake/XH8WHCJVBA.jpg
0,/home/jonathan/Desktop/real-vs-fake/test/fake/T7EVZTTSIY.jpg
0,/home/jonathan/Desktop/real-vs-fake/test/fake/GQXUP58G1L.jpg
0,/home/jonathan/Desktop/real-vs-fake/test/fake/6SRK2NC7UL.jpg
0,/home/jonathan/Desktop/real-vs-fake/test/fake/JNL9S7I5PB.jpg
0,/home/jonathan/Desktop/real-vs-fake/test/fake/J829UE449J.jpg
0,/home/jonathan/Desktop/real-vs-fake/test/fake/64HCTBXDCA.jpg
0,/home/jonathan/Desktop/real-vs-fake/test/fake/0PIASMIZ5L.jpg
0,/home/jonathan/Desktop/real-vs-fake/test/fake/NE8F8FHOS9.jpg
0,/home/jonathan/Desktop/real-vs-fake/test/fake/2G7FB4AS5Z.jpg
0,/home/jonathan/Desktop/real-vs-fake/test/fake/QBL2O5CUOA.jpg
0,/home/jonathan/Desktop/real-vs-fake/test/fake/KEUMZPCM9S.jpg
0,/home/jonathan/Desktop/real-vs-fake/test/fake/3P2GG27HKX.jpg
0,/home/jonathan/Desktop/real-vs-fake/test/fake/WUKTHXEC7B.jpg
0,/home/jonathan/Desktop/real-vs-fake/test/fake/57GZ28HN9T.jpg
0,/home/jonathan/Desktop/real-vs-fake/test/fake/PIZJ4PGQAO.jpg
0,/home/jonathan/Desktop/real-vs-fake/test/fake/LOFJ9I4YCR.jpg
0,/home/jonathan/Desktop/real-vs-fake/test/fake/1V3VBSTJ09.jpg
0,/home/jonathan/Desktop/real-vs-fake/test/fake/R1K5ICWNXX.jpg
0,/home/jonathan/Desktop/real-vs-fake/test/fake/ZVZJ54Y0PF.jpg
0,/home/jonathan/Desktop/real-vs-fake/test/fake/MRGQD41R5P.jpg
0,/home/jonathan/Desktop/real-vs-fake/test/fake/BU9FI1VQFU.jpg
0,/home/jonathan/Desktop/real-vs-fake/test/fake/FIEJ1YGOEV.jpg
0,/home/jonathan/Desktop/real-vs-fake/test/fake/28UTC70P6S.jpg
0,/home/jonathan/Desktop/real-vs-fake/test/fake/4A5AIW79W3.jpg
0,/home/jonathan/Desktop/real-vs-fake/test/fake/OJ8KNVAAGO.jpg
0,/home/jonathan/Desktop/real-vs-fake/test/fake/0UKAOBTSDT.jpg
0,/home/jonathan/Desktop/real-vs-fake/test/fake/YTLHN3ZM26.jpg
0,/home/jonathan/Desktop/real-vs-fake/test/fake/EYFF1GX22R.jpg
0,/home/jonathan/Desktop/real-vs-fake/test/fake/11P8OLMDSC.jpg
0,/home/jonathan/Desktop/real-vs-fake/test/fake/ZSICRYI2ZY.jpg
0,/home/jonathan/Desktop/real-vs-fake/test/fake/PC7HC6JTPY.jpg
0,/home/jonathan/Desktop/real-vs-fake/test/fake/LW30200T8S.jpg
0,/home/jonathan/Desktop/real-vs-fake/test/fake/DG72NBS4XM.jpg
0,/home/jonathan/Desktop/real-vs-fake/test/fake/D8CRL18ZVV.jpg
0,/home/jonathan/Desktop/real-vs-fake/test/fake/DUOC5U3UTS.jpg
0,/home/jonathan/Desktop/real-vs-fake/test/fake/9Y9V9L6K9G.jpg
0,/home/jonathan/Desktop/real-vs-fake/test/fake/VG0X998A30.jpg
0,/home/jonathan/Desktop/real-vs-fake/test/fake/5X4ZEIX9N3.jpg
0,/home/jonathan/Desktop/real-vs-fake/test/fake/GZSC4DSBGC.jpg
0,/home/jonathan/Desktop/real-vs-fake/test/fake/NSLJTI0Q4Q.jpg
0,/home/jonathan/Desktop/real-vs-fake/test/fake/PK9Y4YU7Y2.jpg
0,/home/jonathan/Desktop/real-vs-fake/test/fake/IS03UA6XM0.jpg
0,/home/jonathan/Desktop/real-vs-fake/test/fake/8Y0FYIK3L0.jpg
0,/home/jonathan/Desktop/real-vs-fake/test/fake/BB2QVTEPG0.jpg
0,/home/jonathan/Desktop/real-vs-fake/test/fake/GXIXF3A5S0.jpg
0,/home/jonathan/Desktop/real-vs-fake/test/fake/CW0B8D70YD.jpg
0,/home/jonathan/Desktop/real-vs-fake/test/fake/QKEBLR6EPU.jpg
0,/home/jonathan/Desktop/real-vs-fake/test/fake/X1LQ23K9LV.jpg
0,/home/jonathan/Desktop/real-vs-fake/test/fake/J8Q4LIJH0U.jpg
0,/home/jonathan/Desktop/real-vs-fake/test/fake/9L5RCCSBT5.jpg
0,/home/jonathan/Desktop/real-vs-fake/test/fake/8D3X807PK1.jpg
0,/home/jonathan/Desktop/real-vs-fake/test/fake/8X1HZCHU8N.jpg
0,/home/jonathan/Desktop/real-vs-fake/test/fake/LD4I4N2M3E.jpg
0,/home/jonathan/Desktop/real-vs-fake/test/fake/L4SNB6WOI7.jpg
0,/home/jonathan/Desktop/real-vs-fake/test/fake/4YC94909LU.jpg
0,/home/jonathan/Desktop/real-vs-fake/test/fake/AUZXP4CLEQ.jpg
0,/home/jonathan/Desktop/real-vs-fake/test/fake/88481NQAU0.jpg
0,/home/jonathan/Desktop/real-vs-fake/test/fake/2YRELHX7XY.jpg
0,/home/jonathan/Desktop/real-vs-fake/test/fake/NTPNG1NS5G.jpg
0,/home/jonathan/Desktop/real-vs-fake/test/fake/8W0J2EC8TX.jpg
0,/home/jonathan/Desktop/real-vs-fake/test/fake/JJTF9H8JDL.jpg
0,/home/jonathan/Desktop/real-vs-fake/test/fake/VQDR202SDD.jpg
0,/home/jonathan/Desktop/real-vs-fake/test/fake/VYAMI4DFPC.jpg
0,/home/jonathan/Desktop/real-vs-fake/test/fake/ZCTI8E5VPC.jpg
0,/home/jonathan/Desktop/real-vs-fake/test/fake/FS2KT6KKH6.jpg
0,/home/jonathan/Desktop/real-vs-fake/test/fake/QYKP3OIQSB.jpg
0,/home/jonathan/Desktop/real-vs-fake/test/fake/N4IP4ABING.jpg
0,/home/jonathan/Desktop/real-vs-fake/test/fake/2ZXS7D5DB7.jpg
0,/home/jonathan/Desktop/real-vs-fake/test/fake/5LBM09FQ81.jpg
0,/home/jonathan/Desktop/real-vs-fake/test/fake/EREIQ3HDCF.jpg
0,/home/jonathan/Desktop/real-vs-fake/test/fake/8KK20V40WW.jpg
0,/home/jonathan/Desktop/real-vs-fake/test/fake/2VH8ROQC1M.jpg
0,/home/jonathan/Desktop/real-vs-fake/test/fake/KC71BE3XQD.jpg
0,/home/jonathan/Desktop/real-vs-fake/test/fake/KM6KY9JEIF.jpg
0,/home/jonathan/Desktop/real-vs-fake/test/fake/OM7QO0FGPJ.jpg
0,/home/jonathan/Desktop/real-vs-fake/test/fake/8BMF1RDPYU.jpg
0,/home/jonathan/Desktop/real-vs-fake/test/fake/J1FQ59T3AF.jpg
0,/home/jonathan/Desktop/real-vs-fake/test/fake/FSKAJG6VSP.jpg
0,/home/jonathan/Desktop/real-vs-fake/test/fake/LWT504LA9V.jpg
0,/home/jonathan/Desktop/real-vs-fake/test/fake/ZUTZQGYGZJ.jpg
0,/home/jonathan/Desktop/real-vs-fake/test/fake/CGZFVXI8GJ.jpg
0,/home/jonathan/Desktop/real-vs-fake/test/fake/B3JFQ8QULZ.jpg
0,/home/jonathan/Desktop/real-vs-fake/test/fake/0DDDMS898Y.jpg
0,/home/jonathan/Desktop/real-vs-fake/test/fake/JPT1THTCFR.jpg
0,/home/jonathan/Desktop/real-vs-fake/test/fake/V6LWDFP09B.jpg
0,/home/jonathan/Desktop/real-vs-fake/test/fake/7WP7CJQ1MW.jpg
0,/home/jonathan/Desktop/real-vs-fake/test/fake/Q8JR9DBL5A.jpg
0,/home/jonathan/Desktop/real-vs-fake/test/fake/92MKJWK69M.jpg
0,/home/jonathan/Desktop/real-vs-fake/test/fake/7RA89T5FTO.jpg
0,/home/jonathan/Desktop/real-vs-fake/test/fake/SGYBHG1UOJ.jpg
0,/home/jonathan/Desktop/real-vs-fake/test/fake/0Z7ODSTA3K.jpg
0,/home/jonathan/Desktop/real-vs-fake/test/fake/QSFUPGKK87.jpg
0,/home/jonathan/Desktop/real-vs-fake/test/fake/CXGB30P4CS.jpg
0,/home/jonathan/Desktop/real-vs-fake/test/fake/4OEGK7LRSB.jpg
0,/home/jonathan/Desktop/real-vs-fake/test/fake/Y4E60RNIQI.jpg
0,/home/jonathan/Desktop/real-vs-fake/test/fake/1WLQJBMOHV.jpg
0,/home/jonathan/Desktop/real-vs-fake/test/fake/71DSZ16POI.jpg
0,/home/jonathan/Desktop/real-vs-fake/test/fake/DLNQZRMMLZ.jpg
0,/home/jonathan/Desktop/real-vs-fake/test/fake/UHKUIO9MRK.jpg
0,/home/jonathan/Desktop/real-vs-fake/test/fake/MCJQVVHGXB.jpg
0,/home/jonathan/Desktop/real-vs-fake/test/fake/3PJXB5NYWE.jpg
0,/home/jonathan/Desktop/real-vs-fake/test/fake/HXGWN6ZFVF.jpg
0,/home/jonathan/Desktop/real-vs-fake/test/fake/U6VB5ROC72.jpg
0,/home/jonathan/Desktop/real-vs-fake/test/fake/MQWP274VTQ.jpg
0,/home/jonathan/Desktop/real-vs-fake/test/fake/RXDQR1Q1OG.jpg
0,/home/jonathan/Desktop/real-vs-fake/test/fake/HLH5EC132I.jpg
0,/home/jonathan/Desktop/real-vs-fake/test/fake/WPQYYSKDOR.jpg
0,/home/jonathan/Desktop/real-vs-fake/test/fake/5IZD90G8CQ.jpg
0,/home/jonathan/Desktop/real-vs-fake/test/fake/6WRRNW3PJ2.jpg
0,/home/jonathan/Desktop/real-vs-fake/test/fake/T8RR052XUT.jpg
0,/home/jonathan/Desktop/real-vs-fake/test/fake/B8VITWIJ56.jpg
0,/home/jonathan/Desktop/real-vs-fake/test/fake/Y3PGIFM6RG.jpg
0,/home/jonathan/Desktop/real-vs-fake/test/fake/V3N8FV73TA.jpg
